Usernames,Passwords
musiclover1,P@ssw0rd!
headphones23,Secure123
pontunes57,iGotIt2024
artfanatic76,Pa$$word321
mathwhiz45,MySecret123
swiftie1989,ecureP@ss
techguru31,Rainbow789
natureluvr4,wordPass456
discjockey,SafeAndSound09
applepie,AccessGranted77
test,Test1234
fakeusername,password
musiclover1,P@ssw0rd!
headphones23,Secure123
pontunes57,iGotIt2024
artfanatic76,Pa$$word321
mathwhiz45,MySecret123
swiftie1989,ecureP@ss
techguru31,Rainbow789
natureluvr4,wordPass456
discjockey,SafeAndSound09
applepie,AccessGranted77
test,Test1234
fakeusername,password
musiclover1,P@ssw0rd!
headphones23,Secure123
pontunes57,iGotIt2024
artfanatic76,Pa$$word321
mathwhiz45,MySecret123
swiftie1989,ecureP@ss
techguru31,Rainbow789
natureluvr4,wordPass456
discjockey,SafeAndSound09
applepie,AccessGranted77
test,Test1234
,9f86d081884c7d659a2feaa0c55ad015a3bf4f1b2b0b822cd15d6c15b0f00a08
musiclover1,P@ssw0rd!
headphones23,Secure123
pontunes57,iGotIt2024
artfanatic76,Pa$$word321
mathwhiz45,MySecret123
swiftie1989,ecureP@ss
techguru31,Rainbow789
natureluvr4,wordPass456
discjockey,SafeAndSound09
applepie,AccessGranted77
test,Test1234
musiclover1,P@ssw0rd!
headphones23,Secure123
pontunes57,iGotIt2024
artfanatic76,Pa$$word321
mathwhiz45,MySecret123
swiftie1989,ecureP@ss
techguru31,Rainbow789
natureluvr4,wordPass456
discjockey,SafeAndSound09
applepie,AccessGranted77
test,Test1234
fakeusername,password
musiclover1,P@ssw0rd!
headphones23,Secure123
pontunes57,iGotIt2024
artfanatic76,Pa$$word321
mathwhiz45,MySecret123
swiftie1989,ecureP@ss
techguru31,Rainbow789
natureluvr4,wordPass456
discjockey,SafeAndSound09
applepie,AccessGranted77
test,Test1234
fakeusername,password
musiclover1,P@ssw0rd!
headphones23,Secure123
pontunes57,iGotIt2024
artfanatic76,Pa$$word321
mathwhiz45,MySecret123
swiftie1989,ecureP@ss
techguru31,Rainbow789
natureluvr4,wordPass456
discjockey,SafeAndSound09
applepie,AccessGranted77
test,Test1234
,9f86d081884c7d659a2feaa0c55ad015a3bf4f1b2b0b822cd15d6c15b0f00a08
musiclover1,P@ssw0rd!
headphones23,Secure123
pontunes57,iGotIt2024
artfanatic76,Pa$$word321
mathwhiz45,MySecret123
swiftie1989,ecureP@ss
techguru31,Rainbow789
natureluvr4,wordPass456
discjockey,SafeAndSound09
applepie,AccessGranted77
test,Test1234
musiclover1,P@ssw0rd!
headphones23,Secure123
pontunes57,iGotIt2024
artfanatic76,Pa$$word321
mathwhiz45,MySecret123
swiftie1989,ecureP@ss
techguru31,Rainbow789
natureluvr4,wordPass456
discjockey,SafeAndSound09
applepie,AccessGranted77
test,Test1234
fakeusername,password
musiclover1,P@ssw0rd!
headphones23,Secure123
pontunes57,iGotIt2024
artfanatic76,Pa$$word321
mathwhiz45,MySecret123
swiftie1989,ecureP@ss
techguru31,Rainbow789
natureluvr4,wordPass456
discjockey,SafeAndSound09
applepie,AccessGranted77
test,Test1234
fakeusername,password
musiclover1,P@ssw0rd!
headphones23,Secure123
pontunes57,iGotIt2024
artfanatic76,Pa$$word321
mathwhiz45,MySecret123
swiftie1989,ecureP@ss
techguru31,Rainbow789
natureluvr4,wordPass456
discjockey,SafeAndSound09
applepie,AccessGranted77
test,Test1234
,9f86d081884c7d659a2feaa0c55ad015a3bf4f1b2b0b822cd15d6c15b0f00a08
musiclover1,P@ssw0rd!
headphones23,Secure123
pontunes57,iGotIt2024
artfanatic76,Pa$$word321
mathwhiz45,MySecret123
swiftie1989,ecureP@ss
techguru31,Rainbow789
natureluvr4,wordPass456
discjockey,SafeAndSound09
applepie,AccessGranted77
test,Test1234
musiclover1,P@ssw0rd!
headphones23,Secure123
pontunes57,iGotIt2024
artfanatic76,Pa$$word321
mathwhiz45,MySecret123
swiftie1989,ecureP@ss
techguru31,Rainbow789
natureluvr4,wordPass456
discjockey,SafeAndSound09
applepie,AccessGranted77
test,Test1234
fakeusername,password
musiclover1,P@ssw0rd!
headphones23,Secure123
pontunes57,iGotIt2024
artfanatic76,Pa$$word321
mathwhiz45,MySecret123
swiftie1989,ecureP@ss
techguru31,Rainbow789
natureluvr4,wordPass456
discjockey,SafeAndSound09
applepie,AccessGranted77
test,Test1234
fakeusername,password
musiclover1,P@ssw0rd!
headphones23,Secure123
pontunes57,iGotIt2024
artfanatic76,Pa$$word321
mathwhiz45,MySecret123
swiftie1989,ecureP@ss
techguru31,Rainbow789
natureluvr4,wordPass456
discjockey,SafeAndSound09
applepie,AccessGranted77
test,Test1234
